name,est_diameter_km,relative_velocity_km_s,miss_distance_mKm,absolute_magnitude,eccentricity,inclination_deg,is_hazardous
Asteroid_0000,0.2346,10.55,9.1,21.7,0.5148,11.81,0
Asteroid_0001,1.5051,21.26,8.51,23.0,0.7249,14.2,1
Asteroid_0002,0.6584,31.19,71.02,17.5,0.6841,25.64,1
Asteroid_0003,0.4565,26.97,8.61,21.2,0.1385,10.2,1
Asteroid_0004,0.0848,29.2,9.52,20.7,0.1343,26.09,1
Asteroid_0005,0.0848,24.76,42.74,23.3,0.2414,2.64,0
Asteroid_0006,0.0299,25.77,17.92,24.1,0.325,23.3,0
Asteroid_0007,1.0056,30.48,44.98,15.1,0.3676,25.43,1
Asteroid_0008,0.4595,12.49,2.03,21.7,0.6117,5.45,1
Asteroid_0009,0.6156,19.68,20.06,15.5,0.051,12.91,0
Asteroid_0010,0.0104,11.64,1.03,20.5,0.0312,4.96,0
Asteroid_0011,1.7518,34.63,1.94,17.9,0.3527,21.2,1
Asteroid_0012,0.8932,33.32,71.07,18.1,0.6274,16.06,1
Asteroid_0013,0.1193,6.18,4.5,18.5,0.1741,19.06,0
Asteroid_0014,0.1003,26.17,22.81,21.2,0.5774,5.89,0
Asteroid_0015,0.1013,32.76,15.88,18.3,0.2338,6.35,0
Asteroid_0016,0.1814,10.42,12.8,22.3,0.7975,1.24,0
Asteroid_0017,0.372,22.04,69.03,19.0,0.8061,9.66,1
Asteroid_0018,0.2828,32.46,0.66,15.7,0.2676,16.79,1
Asteroid_0019,0.1721,6.02,32.7,22.8,0.207,25.74,0
Asteroid_0020,0.4732,25.92,99.23,17.9,0.3702,20.01,1
Asteroid_0021,0.0751,13.92,24.64,19.3,0.2165,13.06,0
Asteroid_0022,0.1728,32.73,82.85,21.9,0.6051,28.59,0
Asteroid_0023,0.2281,34.13,1.61,18.3,0.7435,21.58,1
Asteroid_0024,0.3045,33.33,16.28,15.6,0.6058,27.9,1
Asteroid_0025,0.769,19.23,9.04,18.7,0.7419,15.83,1
Asteroid_0026,0.1114,30.86,39.37,24.4,0.3573,7.77,0
Asteroid_0027,0.361,30.34,119.37,21.4,0.1407,1.58,1
Asteroid_0028,0.4488,14.57,8.89,21.7,0.6642,21.78,1
Asteroid_0029,0.0238,29.87,31.85,21.3,0.3244,3.64,0
Asteroid_0030,0.4677,6.11,6.62,17.0,0.6041,9.08,1
Asteroid_0031,0.0935,22.89,25.0,19.2,0.2436,15.97,0
Asteroid_0032,0.0336,11.9,18.7,22.5,0.0731,16.93,0
Asteroid_0033,1.4868,8.62,107.27,16.0,0.8933,18.02,0
Asteroid_0034,1.6853,7.31,28.14,17.8,0.1406,4.99,0
Asteroid_0035,0.8262,25.89,12.9,17.8,0.8896,11.39,1
Asteroid_0036,0.1816,15.2,3.63,19.3,0.8796,18.52,0
Asteroid_0037,0.0514,26.74,4.92,24.8,0.7144,29.09,1
Asteroid_0038,0.5764,6.96,7.66,15.7,0.5935,21.83,1
Asteroid_0039,0.29,14.46,8.67,20.2,0.52,27.68,0
Asteroid_0040,0.0651,21.18,57.04,16.8,0.7795,22.87,0
Asteroid_0041,0.3418,28.72,24.71,24.7,0.2605,17.75,1
Asteroid_0042,0.0175,14.56,22.23,16.1,0.4209,5.76,0
Asteroid_0043,1.2002,23.78,3.66,19.0,0.5575,20.0,1
Asteroid_0044,0.1497,31.58,59.01,22.4,0.3701,18.7,0
Asteroid_0045,0.5431,23.48,38.49,22.0,0.3847,18.07,1
Asteroid_0046,0.1868,11.99,2.1,19.2,0.2973,14.69,0
Asteroid_0047,0.3671,5.73,36.91,18.5,0.5078,15.86,0
Asteroid_0048,0.3956,31.1,23.53,19.0,0.7655,10.03,1
Asteroid_0049,0.1022,5.64,2.56,17.6,0.1814,15.58,1
Asteroid_0050,1.7464,31.24,18.39,17.1,0.841,5.93,1
Asteroid_0051,0.7461,20.87,19.89,19.8,0.6202,24.16,0
Asteroid_0052,1.4025,33.17,5.44,17.7,0.7409,5.57,1
Asteroid_0053,1.1261,28.96,87.4,17.9,0.5006,2.55,1
Asteroid_0054,0.4555,34.94,56.91,21.6,0.7016,13.09,1
Asteroid_0055,1.2747,15.52,33.17,24.7,0.0146,19.75,0
Asteroid_0056,0.0463,28.02,18.61,21.0,0.7365,13.13,0
Asteroid_0057,0.1091,17.06,15.92,15.8,0.0361,8.3,0
Asteroid_0058,0.0231,19.4,31.58,15.8,0.8009,16.75,0
Asteroid_0059,0.1968,23.83,23.65,24.5,0.8928,10.41,0
Asteroid_0060,0.2461,31.21,1.93,18.0,0.2647,27.99,1
Asteroid_0061,0.1583,34.52,21.55,15.9,0.1893,27.68,0
Asteroid_0062,0.8823,28.05,49.26,21.0,0.6888,15.07,0
Asteroid_0063,0.2206,17.53,18.44,21.2,0.2277,9.84,0
Asteroid_0064,0.1649,17.64,1.6,21.5,0.779,22.11,0
Asteroid_0065,0.3912,27.13,46.29,17.7,0.0926,1.1,1
Asteroid_0066,0.0759,12.16,6.75,15.2,0.1134,14.24,0
Asteroid_0067,0.8102,8.31,8.98,24.7,0.8812,10.09,1
Asteroid_0068,0.0387,15.64,5.4,17.5,0.6065,27.62,1
Asteroid_0069,2.1671,13.62,12.02,21.8,0.7622,0.36,0
Asteroid_0070,0.7397,13.89,42.41,22.1,0.2919,16.58,0
Asteroid_0071,0.1108,12.01,21.98,21.1,0.6088,22.22,0
Asteroid_0072,0.0028,6.26,6.88,18.1,0.5348,14.55,0
Asteroid_0073,0.8449,5.54,63.07,17.7,0.5428,2.56,0
Asteroid_0074,0.6135,34.63,63.5,21.0,0.6143,29.17,0
Asteroid_0075,0.6528,17.83,61.34,23.7,0.5178,15.54,0
Asteroid_0076,0.7376,16.53,8.19,24.5,0.3862,18.43,1
Asteroid_0077,0.0385,25.39,18.0,16.1,0.2483,7.1,0
Asteroid_0078,0.2219,11.55,125.97,16.5,0.6917,14.5,0
Asteroid_0079,0.0616,33.5,44.35,24.4,0.2036,12.87,0
Asteroid_0080,0.9943,28.59,0.83,22.4,0.6231,2.25,1
Asteroid_0081,0.4882,7.68,2.02,23.8,0.21,3.18,1
Asteroid_0082,0.2009,17.53,18.7,17.0,0.5628,25.12,0
Asteroid_0083,0.0328,31.37,71.98,20.9,0.6724,7.19,0
Asteroid_0084,0.1862,33.34,23.21,22.0,0.1968,5.85,0
Asteroid_0085,0.1967,19.02,20.66,21.8,0.0539,15.15,0
Asteroid_0086,0.6539,23.4,3.34,19.1,0.1179,23.06,1
Asteroid_0087,0.5074,10.01,32.08,15.2,0.5454,1.86,0
Asteroid_0088,1.0911,34.74,51.8,20.8,0.7645,17.3,0
Asteroid_0089,0.3195,11.95,14.36,17.5,0.0405,3.58,0
Asteroid_0090,0.0637,33.28,44.83,19.5,0.6607,1.09,0
Asteroid_0091,0.6246,24.49,100.13,24.6,0.3072,1.58,0
Asteroid_0092,0.7152,23.23,6.84,19.0,0.4307,25.02,1
Asteroid_0093,0.4119,20.38,22.23,23.4,0.836,3.54,1
Asteroid_0094,0.7369,11.92,10.15,16.9,0.2988,1.35,0
Asteroid_0095,0.3404,10.3,47.23,21.7,0.4188,13.14,0
Asteroid_0096,0.3698,11.61,25.85,24.8,0.0123,25.32,0
Asteroid_0097,0.2789,10.59,30.2,16.0,0.0734,7.87,0
Asteroid_0098,0.0129,28.39,47.97,15.1,0.2327,12.65,0
Asteroid_0099,0.0571,15.5,15.12,19.3,0.0251,1.2,0
Asteroid_0100,0.016,6.74,73.98,15.9,0.5682,13.47,0
Asteroid_0101,0.5059,34.07,22.84,22.5,0.3838,17.33,1
Asteroid_0102,0.1887,31.51,5.16,24.1,0.4933,17.13,0
Asteroid_0103,0.3552,32.83,35.71,19.3,0.1572,9.97,1
Asteroid_0104,1.1906,34.85,47.29,17.6,0.2663,9.47,1
Asteroid_0105,0.1434,10.22,11.43,19.3,0.5974,3.2,0
Asteroid_0106,0.2641,16.89,58.38,22.2,0.8688,11.0,0
Asteroid_0107,0.7044,27.75,70.98,15.1,0.0454,2.98,1
Asteroid_0108,0.1299,25.88,9.73,20.9,0.8013,23.0,1
Asteroid_0109,0.0401,9.62,123.17,21.1,0.5192,28.99,0
Asteroid_0110,0.1711,29.47,4.55,21.4,0.5075,29.1,1
Asteroid_0111,0.0879,11.73,6.77,17.4,0.4503,25.95,0
Asteroid_0112,1.3275,11.71,6.11,22.1,0.0625,18.02,1
Asteroid_0113,0.8254,21.11,67.33,15.9,0.0809,21.03,1
Asteroid_0114,0.5017,22.79,31.86,17.0,0.5408,8.56,0
Asteroid_0115,1.0258,22.4,4.95,23.8,0.3069,18.92,1
Asteroid_0116,0.814,7.74,17.41,22.4,0.8255,13.67,0
Asteroid_0117,0.1032,31.32,28.66,15.1,0.3659,14.46,0
Asteroid_0118,1.1154,12.97,2.61,17.5,0.129,22.73,1
Asteroid_0119,0.3875,8.89,64.22,17.1,0.6432,8.46,1
Asteroid_0120,0.8237,31.66,48.83,17.7,0.264,9.54,1
Asteroid_0121,1.1321,33.67,21.11,17.5,0.4729,27.74,1
Asteroid_0122,0.1914,30.86,102.45,15.6,0.628,1.69,0
Asteroid_0123,0.0583,29.29,16.23,19.6,0.8102,14.57,0
Asteroid_0124,0.1293,24.66,124.26,22.3,0.713,27.38,0
Asteroid_0125,0.2785,21.53,33.07,21.1,0.6087,18.31,0
Asteroid_0126,0.8519,7.61,30.21,21.7,0.6117,16.39,0
Asteroid_0127,0.9857,17.25,5.44,15.8,0.8513,7.49,1
Asteroid_0128,0.0035,16.18,64.09,24.5,0.2662,10.3,0
Asteroid_0129,0.3574,12.79,16.73,23.4,0.001,25.56,0
Asteroid_0130,0.2701,26.7,5.31,23.1,0.2448,16.78,1
Asteroid_0131,0.1256,19.88,0.38,23.2,0.1961,15.44,0
Asteroid_0132,0.0638,7.43,24.61,24.3,0.5957,2.99,0
Asteroid_0133,0.206,11.61,22.49,20.4,0.5703,0.48,0
Asteroid_0134,1.4316,25.5,38.12,17.0,0.5341,28.91,1
Asteroid_0135,0.1952,7.28,66.29,21.2,0.0146,11.31,0
Asteroid_0136,0.3657,30.54,2.48,22.4,0.6559,18.1,1
Asteroid_0137,0.607,19.85,39.45,22.4,0.2912,2.39,0
Asteroid_0138,0.226,19.42,6.23,20.2,0.5986,20.49,1
Asteroid_0139,1.7839,22.77,58.6,15.7,0.5009,27.98,1
Asteroid_0140,1.641,29.74,51.29,18.7,0.3085,17.27,0
Asteroid_0141,0.145,15.43,23.35,24.2,0.1211,3.78,0
Asteroid_0142,0.3438,25.34,37.16,20.8,0.085,17.45,0
Asteroid_0143,0.179,21.97,11.32,20.4,0.7484,22.99,0
Asteroid_0144,0.1676,13.01,19.11,17.7,0.8266,12.19,0
Asteroid_0145,0.0188,31.36,51.72,18.7,0.5848,26.4,0
Asteroid_0146,0.4702,28.92,18.44,24.0,0.0931,19.46,0
Asteroid_0147,0.3493,24.75,13.29,21.7,0.3618,26.98,1
Asteroid_0148,0.0264,30.52,20.45,22.9,0.656,18.71,0
Asteroid_0149,0.1633,31.02,52.85,19.5,0.7018,3.94,0
Asteroid_0150,1.1944,26.25,12.25,21.3,0.1064,9.29,0
Asteroid_0151,0.1369,30.11,5.73,17.5,0.0,6.05,1
Asteroid_0152,0.0783,25.92,37.35,22.1,0.6409,27.26,0
Asteroid_0153,0.3361,25.4,52.46,19.3,0.3209,22.81,0
Asteroid_0154,2.122,23.56,3.18,19.4,0.229,20.29,1
Asteroid_0155,0.1386,27.58,8.23,21.5,0.0116,9.03,1
Asteroid_0156,0.5576,9.76,4.59,24.4,0.4863,5.52,1
Asteroid_0157,0.7169,31.43,12.83,15.6,0.766,22.69,1
Asteroid_0158,0.1357,31.16,17.95,23.2,0.8619,14.22,0
Asteroid_0159,0.6514,5.88,41.45,17.9,0.5092,6.77,0
Asteroid_0160,0.2293,29.77,31.59,19.4,0.463,18.5,0
Asteroid_0161,0.5003,8.87,29.1,15.2,0.0766,1.21,0
Asteroid_0162,0.5019,15.05,13.03,18.0,0.494,9.79,0
Asteroid_0163,0.3837,27.31,55.25,20.0,0.342,14.06,0
Asteroid_0164,0.0473,9.82,19.12,15.6,0.5464,4.44,0
Asteroid_0165,0.9018,29.54,116.05,19.9,0.3499,29.54,0
Asteroid_0166,0.1934,29.96,30.17,24.3,0.2163,6.27,0
Asteroid_0167,0.1032,20.22,4.05,16.1,0.0855,3.91,1
Asteroid_0168,0.0208,5.19,33.83,22.6,0.2834,6.11,0
Asteroid_0169,0.4469,13.61,11.8,19.1,0.087,23.07,0
Asteroid_0170,0.5659,23.51,34.78,21.6,0.1592,12.77,0
Asteroid_0171,0.0084,34.44,2.17,17.6,0.8886,16.96,1
Asteroid_0172,0.3588,23.95,5.77,16.6,0.3997,0.63,1
Asteroid_0173,0.1284,12.79,58.08,16.6,0.4787,1.03,0
Asteroid_0174,0.5181,24.02,7.73,15.7,0.7863,13.37,1
Asteroid_0175,0.0958,21.2,54.43,16.9,0.896,24.5,0
Asteroid_0176,0.5871,28.4,9.82,21.6,0.5244,26.56,1
Asteroid_0177,0.2445,8.21,30.89,23.8,0.7312,2.6,0
Asteroid_0178,1.3802,27.83,35.54,23.1,0.2942,16.15,0
Asteroid_0179,0.074,21.24,21.56,21.9,0.2752,27.4,0
Asteroid_0180,0.2086,33.89,10.93,16.1,0.3624,11.64,0
Asteroid_0181,0.0602,15.26,7.17,17.9,0.6053,24.89,1
Asteroid_0182,1.2931,23.98,1.01,18.1,0.614,4.01,1
Asteroid_0183,1.0492,32.96,10.87,17.5,0.2837,28.06,1
Asteroid_0184,0.1492,8.08,31.77,20.2,0.1199,22.54,0
Asteroid_0185,0.5394,33.12,83.57,20.4,0.5692,28.24,0
Asteroid_0186,0.8497,25.64,61.49,18.6,0.1155,20.3,1
Asteroid_0187,0.4051,7.04,43.58,18.5,0.5206,10.9,0
Asteroid_0188,0.3771,14.03,46.6,23.3,0.6241,28.15,0
Asteroid_0189,0.1384,26.25,32.81,22.9,0.6306,8.27,0
Asteroid_0190,0.0489,7.02,9.04,18.1,0.6781,9.97,0
Asteroid_0191,1.1376,22.47,71.32,24.1,0.7856,21.02,1
Asteroid_0192,1.1534,15.38,33.33,24.5,0.45,22.96,0
Asteroid_0193,0.5013,23.63,24.66,18.3,0.6572,27.88,0
Asteroid_0194,0.207,6.37,3.53,18.5,0.5573,6.14,0
Asteroid_0195,0.2148,31.15,17.77,20.1,0.168,23.94,0
Asteroid_0196,0.6472,34.2,18.51,24.4,0.0231,22.16,0
Asteroid_0197,1.137,34.07,59.98,23.8,0.2561,1.91,0
Asteroid_0198,1.0906,27.49,23.73,16.0,0.3987,11.62,1
Asteroid_0199,0.7568,8.9,14.36,18.9,0.5554,8.48,0
Asteroid_0200,0.5137,27.75,112.91,20.5,0.765,9.13,1
Asteroid_0201,0.0439,5.74,3.52,20.0,0.1766,29.49,0
Asteroid_0202,0.0881,5.66,16.47,16.9,0.113,19.28,0
Asteroid_0203,1.1441,14.71,1.29,23.6,0.8671,21.53,1
Asteroid_0204,0.4662,19.66,40.4,21.8,0.0972,29.3,0
Asteroid_0205,0.0046,28.11,75.06,23.4,0.4306,11.32,0
Asteroid_0206,0.0535,25.5,9.86,23.6,0.527,24.06,1
Asteroid_0207,0.5446,18.38,58.63,22.5,0.4872,13.04,0
Asteroid_0208,0.0025,13.21,10.37,19.4,0.0774,26.09,0
Asteroid_0209,0.0877,34.91,72.5,21.1,0.0513,5.42,0
Asteroid_0210,0.3978,17.79,42.07,16.6,0.0949,28.43,0
Asteroid_0211,0.5887,18.54,49.03,21.7,0.527,6.56,0
Asteroid_0212,0.5277,9.91,0.55,16.8,0.4899,9.79,1
Asteroid_0213,0.127,28.84,98.75,21.9,0.2104,22.69,0
Asteroid_0214,0.6227,25.81,38.91,17.3,0.574,11.81,1
Asteroid_0215,0.1354,11.62,10.9,16.2,0.7381,18.25,0
Asteroid_0216,0.1968,7.47,53.05,16.7,0.0374,13.34,0
Asteroid_0217,0.6862,25.41,9.92,15.0,0.4483,22.27,1
Asteroid_0218,0.5244,24.64,61.85,22.2,0.6204,6.85,1
Asteroid_0219,0.946,13.2,3.58,22.3,0.2271,1.75,1
Asteroid_0220,0.5359,33.53,36.49,20.1,0.277,9.0,1
Asteroid_0221,0.42,9.53,23.34,16.6,0.5523,14.23,0
Asteroid_0222,0.0492,17.97,3.05,15.8,0.8081,5.04,1
Asteroid_0223,0.2292,33.31,8.31,15.2,0.7289,10.64,1
Asteroid_0224,0.1541,17.59,0.37,16.7,0.5248,12.0,0
Asteroid_0225,0.1399,24.16,18.98,23.9,0.6572,1.72,0
Asteroid_0226,1.8062,16.93,10.75,17.4,0.3283,17.5,0
Asteroid_0227,0.2497,13.23,27.37,18.5,0.5769,26.53,0
Asteroid_0228,1.113,34.52,10.58,16.1,0.4196,4.55,1
Asteroid_0229,0.4987,17.28,10.7,17.2,0.1709,17.93,0
Asteroid_0230,0.7919,31.82,40.78,20.2,0.6316,19.94,0
Asteroid_0231,0.3492,11.9,1.48,21.1,0.5008,12.58,1
Asteroid_0232,0.4301,11.39,69.96,17.5,0.3228,21.03,0
Asteroid_0233,0.3391,5.93,57.37,15.6,0.8202,12.32,0
Asteroid_0234,0.1086,24.55,33.06,18.9,0.0188,15.14,0
Asteroid_0235,0.6409,16.06,26.98,17.3,0.2842,0.22,1
Asteroid_0236,0.1648,30.93,66.85,17.2,0.0512,20.75,0
Asteroid_0237,0.0123,19.2,6.15,24.6,0.6899,19.84,0
Asteroid_0238,0.5185,34.05,2.47,21.2,0.6319,1.15,1
Asteroid_0239,0.0975,10.57,8.21,20.6,0.2982,11.05,0
Asteroid_0240,1.4105,31.06,47.48,19.2,0.6081,29.37,0
Asteroid_0241,1.5388,28.3,1.06,19.3,0.3563,12.62,1
Asteroid_0242,1.2318,28.13,26.23,20.4,0.6806,15.06,0
Asteroid_0243,0.2311,30.34,161.7,22.0,0.4088,27.3,0
Asteroid_0244,0.0078,27.83,58.08,22.0,0.3711,21.52,0
Asteroid_0245,1.3178,23.79,22.11,16.7,0.8413,17.46,1
Asteroid_0246,0.2795,8.94,1.97,20.0,0.2258,23.93,0
Asteroid_0247,1.7004,5.98,53.4,19.1,0.1084,25.93,0
Asteroid_0248,1.6569,32.63,27.41,23.7,0.5261,13.71,0
Asteroid_0249,0.9587,23.5,3.66,21.3,0.8724,14.25,1
Asteroid_0250,0.1744,28.9,2.96,20.3,0.3401,11.58,1
Asteroid_0251,0.2431,19.45,72.11,16.2,0.0558,29.0,0
Asteroid_0252,0.9524,8.52,33.19,21.1,0.3054,20.91,0
Asteroid_0253,0.1906,8.76,53.03,16.2,0.4553,2.5,0
Asteroid_0254,0.0929,25.57,63.35,18.4,0.1457,25.89,0
Asteroid_0255,0.4069,17.91,25.44,16.4,0.5923,14.42,0
Asteroid_0256,1.3756,11.02,21.86,21.9,0.898,2.06,0
Asteroid_0257,0.5954,19.75,16.89,17.1,0.4066,16.49,1
Asteroid_0258,0.4221,6.93,11.44,18.9,0.3193,12.51,0
Asteroid_0259,0.0511,22.46,17.11,24.0,0.3606,26.33,0
Asteroid_0260,0.4773,13.07,44.6,17.0,0.1036,6.12,0
Asteroid_0261,2.3053,28.93,27.63,20.1,0.7949,24.79,1
Asteroid_0262,0.0755,14.31,66.91,19.2,0.3733,16.73,0
Asteroid_0263,0.3652,18.66,17.58,15.2,0.3485,1.64,0
Asteroid_0264,1.0493,5.35,28.03,22.9,0.5937,29.16,0
Asteroid_0265,0.675,7.17,29.93,15.7,0.3978,15.38,1
Asteroid_0266,0.597,16.77,26.87,19.7,0.5834,8.73,0
Asteroid_0267,0.6061,19.4,36.38,20.6,0.0553,14.08,0
Asteroid_0268,0.2227,23.0,8.13,21.3,0.7324,25.74,1
Asteroid_0269,0.1738,13.75,21.55,21.9,0.8465,9.15,0
Asteroid_0270,0.8287,25.85,3.3,17.5,0.5839,5.78,1
Asteroid_0271,0.8307,30.8,14.56,15.1,0.8591,3.87,1
Asteroid_0272,1.009,28.4,20.06,22.2,0.1363,8.94,1
Asteroid_0273,1.2223,6.19,31.69,20.4,0.4297,23.4,0
Asteroid_0274,0.358,19.42,90.19,23.4,0.5416,14.15,0
Asteroid_0275,0.3481,8.15,27.54,23.2,0.5236,6.82,0
Asteroid_0276,0.8005,12.26,40.83,23.4,0.3613,4.99,0
Asteroid_0277,0.5249,34.6,21.17,19.9,0.3043,9.98,0
Asteroid_0278,0.6053,9.27,30.16,18.3,0.1141,28.2,0
Asteroid_0279,0.7943,19.97,2.21,22.9,0.3526,10.29,1
Asteroid_0280,1.1037,23.54,8.81,19.5,0.1464,29.64,1
Asteroid_0281,0.2062,26.07,13.48,16.8,0.6609,14.56,0
Asteroid_0282,0.2355,21.79,19.19,23.5,0.1879,5.37,0
Asteroid_0283,0.0493,5.29,1.4,23.8,0.0527,26.73,0
Asteroid_0284,0.4317,14.79,4.53,19.7,0.4971,13.81,0
Asteroid_0285,0.0183,20.53,9.72,15.8,0.5357,21.29,1
Asteroid_0286,0.3133,7.64,106.77,18.9,0.7847,29.51,0
Asteroid_0287,0.3911,15.52,12.07,23.0,0.5193,1.51,0
Asteroid_0288,0.1688,6.0,19.74,24.0,0.3109,2.9,0
Asteroid_0289,0.4468,7.36,6.55,17.0,0.7227,21.61,1
Asteroid_0290,0.0155,16.91,28.31,15.7,0.4863,8.45,0
Asteroid_0291,0.019,8.98,9.88,23.8,0.0714,5.53,0
Asteroid_0292,0.8647,22.03,6.96,18.9,0.5093,1.18,1
Asteroid_0293,0.2233,25.68,21.81,20.4,0.8172,0.66,0
Asteroid_0294,0.0679,29.02,0.17,24.7,0.3567,23.23,0
Asteroid_0295,0.3693,11.0,0.23,15.7,0.2667,4.03,1
Asteroid_0296,0.7348,10.02,7.42,21.5,0.1291,14.03,1
Asteroid_0297,0.1216,8.14,1.12,15.7,0.1363,18.18,1
Asteroid_0298,0.4876,24.09,3.43,18.8,0.3895,12.85,1
Asteroid_0299,0.0446,26.19,12.41,23.0,0.5361,0.81,0
Asteroid_0300,0.0265,5.95,48.67,19.3,0.0726,23.51,0
Asteroid_0301,0.379,33.09,25.46,25.0,0.8456,0.32,1
Asteroid_0302,0.389,6.56,21.56,20.6,0.6796,22.86,0
Asteroid_0303,0.5073,21.24,10.42,18.2,0.528,26.8,1
Asteroid_0304,0.6475,26.27,80.54,17.2,0.7456,12.99,1
Asteroid_0305,1.8618,31.13,15.18,18.5,0.0722,16.07,0
Asteroid_0306,0.3631,26.42,2.73,18.7,0.4292,14.31,1
Asteroid_0307,0.195,29.05,28.8,15.7,0.5671,11.68,0
Asteroid_0308,0.7928,15.18,3.63,18.7,0.7458,26.62,1
Asteroid_0309,0.1579,29.44,12.7,19.6,0.7051,26.82,0
Asteroid_0310,0.289,7.4,21.24,22.2,0.2494,10.07,0
Asteroid_0311,0.0409,31.84,62.2,21.6,0.8468,18.45,0
Asteroid_0312,0.0128,21.43,20.41,22.1,0.1119,27.81,0
Asteroid_0313,1.6437,29.52,36.35,15.1,0.7876,28.86,1
Asteroid_0314,0.9039,18.57,148.08,17.2,0.8738,15.27,0
Asteroid_0315,0.5953,24.31,4.23,21.6,0.1594,13.58,1
Asteroid_0316,0.2629,20.79,9.64,19.8,0.6499,8.36,1
Asteroid_0317,0.0952,26.95,15.05,15.1,0.0363,28.77,0
Asteroid_0318,0.0851,7.45,16.44,23.0,0.3649,4.28,0
Asteroid_0319,0.144,6.81,15.88,22.7,0.4647,17.39,0
Asteroid_0320,0.3984,12.41,71.45,20.5,0.5226,8.48,0
Asteroid_0321,0.6269,9.79,37.56,15.7,0.8423,8.37,0
Asteroid_0322,0.5397,31.15,28.09,22.7,0.605,12.15,0
Asteroid_0323,0.1642,11.58,11.1,20.8,0.4332,29.96,0
Asteroid_0324,1.5491,34.28,52.08,22.8,0.7287,1.65,1
Asteroid_0325,0.6695,15.11,93.07,22.5,0.8555,17.36,0
Asteroid_0326,0.4041,10.46,51.64,23.0,0.0199,2.48,0
Asteroid_0327,0.473,28.69,0.05,20.2,0.8843,4.64,1
Asteroid_0328,0.272,24.76,30.35,16.4,0.0775,13.19,0
Asteroid_0329,0.1423,19.95,1.57,21.7,0.7329,15.31,0
Asteroid_0330,0.22,21.66,8.94,21.2,0.2523,7.76,1
Asteroid_0331,0.7091,26.58,1.84,22.4,0.119,9.49,1
Asteroid_0332,0.0072,11.85,27.77,16.7,0.3959,2.61,0
Asteroid_0333,0.0617,34.89,34.81,16.9,0.5796,9.1,0
Asteroid_0334,0.0235,34.24,3.65,23.9,0.3429,29.0,1
Asteroid_0335,0.0208,24.51,14.53,22.5,0.0491,28.34,0
Asteroid_0336,0.9671,10.99,18.28,24.1,0.5395,10.05,0
Asteroid_0337,0.6081,25.41,13.82,22.6,0.8122,17.13,1
Asteroid_0338,0.3214,7.17,3.87,21.0,0.3449,27.29,1
Asteroid_0339,0.0515,5.92,16.29,21.5,0.1947,0.19,0
Asteroid_0340,0.3383,12.73,41.73,23.9,0.3983,24.32,0
Asteroid_0341,0.3207,18.88,2.21,20.8,0.0435,28.45,1
Asteroid_0342,0.0951,31.05,2.51,21.3,0.7384,2.74,1
Asteroid_0343,0.2844,26.82,13.14,16.6,0.7437,4.84,0
Asteroid_0344,0.2542,27.28,85.28,19.7,0.5292,28.82,0
Asteroid_0345,0.4784,17.76,33.13,22.2,0.3178,16.13,0
Asteroid_0346,0.5041,15.38,34.06,17.7,0.7198,0.43,0
Asteroid_0347,0.0232,16.13,13.48,17.0,0.4992,7.73,0
Asteroid_0348,0.2347,34.63,27.02,18.1,0.7433,13.5,0
Asteroid_0349,0.4916,6.2,0.31,17.4,0.5683,20.79,1
Asteroid_0350,0.3497,31.01,30.33,17.1,0.706,21.99,1
Asteroid_0351,0.9707,22.36,73.35,19.2,0.5387,29.86,0
Asteroid_0352,0.5375,18.16,28.45,24.1,0.3727,8.63,0
Asteroid_0353,0.0889,26.76,62.07,20.1,0.8622,16.15,0
Asteroid_0354,0.0366,19.6,38.62,16.9,0.487,16.0,0
Asteroid_0355,0.5142,31.2,3.85,15.8,0.5446,12.17,1
Asteroid_0356,0.0134,32.02,69.82,22.0,0.1984,5.07,0
Asteroid_0357,0.4407,17.65,2.06,18.8,0.5631,29.32,1
Asteroid_0358,1.4086,13.3,22.9,23.2,0.5144,25.6,0
Asteroid_0359,0.4284,22.77,4.6,21.6,0.1664,14.95,1
Asteroid_0360,0.2457,32.37,0.35,23.0,0.0536,18.1,0
Asteroid_0361,0.5154,11.32,16.45,17.7,0.5439,6.82,1
Asteroid_0362,0.3065,23.69,10.49,21.9,0.6873,16.31,0
Asteroid_0363,0.3944,23.95,19.97,17.6,0.4711,20.85,1
Asteroid_0364,1.4191,26.99,25.83,24.4,0.2041,15.46,1
Asteroid_0365,0.244,8.95,1.34,21.4,0.5999,29.71,0
Asteroid_0366,1.6245,26.47,3.94,18.2,0.0721,18.34,1
Asteroid_0367,1.1788,32.27,24.54,17.7,0.3977,11.13,1
Asteroid_0368,0.1089,10.39,12.61,16.9,0.147,23.16,0
Asteroid_0369,0.0359,12.13,39.19,21.9,0.166,5.11,0
Asteroid_0370,0.0531,34.14,31.69,17.2,0.1821,11.54,0
Asteroid_0371,0.0092,10.43,56.05,21.0,0.348,10.41,0
Asteroid_0372,0.0496,30.63,35.38,17.6,0.046,12.95,0
Asteroid_0373,0.5744,19.77,16.86,21.6,0.358,23.45,0
Asteroid_0374,0.0369,12.42,33.53,23.1,0.4605,14.53,0
Asteroid_0375,0.1921,31.12,9.66,22.8,0.435,23.82,1
Asteroid_0376,0.9318,18.36,10.97,22.6,0.3445,17.29,0
Asteroid_0377,0.0118,20.44,46.67,16.9,0.7552,10.26,0
Asteroid_0378,0.8423,15.78,17.74,15.9,0.1308,24.3,0
Asteroid_0379,0.1655,22.79,48.04,22.0,0.4551,7.15,0
Asteroid_0380,0.0629,9.91,51.85,18.7,0.0558,6.73,0
Asteroid_0381,0.5966,16.73,58.47,19.3,0.064,15.14,0
Asteroid_0382,0.4957,34.08,74.54,15.3,0.5165,7.83,1
Asteroid_0383,1.0497,12.74,16.92,17.6,0.5094,0.27,0
Asteroid_0384,0.6641,24.7,11.52,15.3,0.7902,19.45,1
Asteroid_0385,0.8135,14.76,26.18,23.8,0.5021,15.33,0
Asteroid_0386,0.1657,28.2,13.92,17.4,0.8638,13.37,0
Asteroid_0387,0.0977,8.93,27.57,20.6,0.0438,29.01,0
Asteroid_0388,0.6944,34.09,36.68,15.4,0.0882,17.14,1
Asteroid_0389,0.8221,18.61,34.98,21.7,0.0397,25.9,0
Asteroid_0390,2.3285,12.08,14.08,18.2,0.1667,4.18,0
Asteroid_0391,0.266,7.2,5.48,24.0,0.4871,17.08,0
Asteroid_0392,0.2326,10.09,16.89,23.9,0.581,26.04,0
Asteroid_0393,0.749,20.59,4.62,18.3,0.041,17.49,1
Asteroid_0394,0.2084,15.11,66.24,24.0,0.8514,21.54,0
Asteroid_0395,1.3351,29.87,12.73,25.0,0.7579,11.16,0
Asteroid_0396,0.9774,17.93,5.03,23.3,0.267,2.77,1
Asteroid_0397,0.2802,12.46,0.77,23.4,0.0695,13.74,0
Asteroid_0398,0.6949,23.51,31.14,17.5,0.1529,11.83,1
Asteroid_0399,0.7023,26.2,30.39,20.8,0.1142,26.01,1
Asteroid_0400,0.0544,10.01,12.49,15.7,0.111,7.32,0
Asteroid_0401,1.1642,10.03,2.23,15.9,0.4667,29.0,1
Asteroid_0402,0.3519,6.1,15.81,25.0,0.2213,28.74,0
Asteroid_0403,0.8757,27.09,11.18,18.3,0.3223,7.43,1
Asteroid_0404,0.1929,24.91,33.91,22.5,0.8906,10.44,0
Asteroid_0405,1.1294,19.24,27.93,23.1,0.6159,26.87,0
Asteroid_0406,0.2465,30.33,13.6,23.6,0.8541,29.0,0
Asteroid_0407,0.0054,29.17,7.37,25.0,0.1283,13.3,1
Asteroid_0408,1.179,22.56,132.78,17.4,0.3439,9.63,1
Asteroid_0409,0.0479,31.05,18.15,15.4,0.4993,15.78,0
Asteroid_0410,0.1923,11.18,34.97,19.1,0.0691,20.63,0
Asteroid_0411,1.4985,8.36,4.54,16.3,0.0038,8.2,1
Asteroid_0412,1.504,13.09,19.94,15.2,0.6034,22.09,0
Asteroid_0413,0.426,6.71,0.84,18.6,0.5776,1.55,1
Asteroid_0414,0.4996,20.94,21.12,22.8,0.3697,1.48,0
Asteroid_0415,0.2975,33.1,99.74,20.7,0.4407,11.59,0
Asteroid_0416,0.1735,6.18,14.55,18.1,0.3739,10.6,0
Asteroid_0417,0.1992,8.66,1.19,21.5,0.0216,9.47,0
Asteroid_0418,0.5582,18.57,0.94,17.3,0.3018,14.73,1
Asteroid_0419,0.6979,33.02,14.73,15.1,0.1594,9.62,1
Asteroid_0420,0.7841,14.48,5.23,22.6,0.0886,5.77,1
Asteroid_0421,0.7794,20.22,0.71,21.2,0.861,9.28,1
Asteroid_0422,0.0478,6.25,42.34,22.6,0.5394,29.25,0
Asteroid_0423,0.341,9.45,18.4,15.4,0.6558,12.33,0
Asteroid_0424,0.0296,34.6,10.24,23.4,0.2838,13.34,0
Asteroid_0425,0.3987,33.95,69.1,21.2,0.3538,17.3,1
Asteroid_0426,0.2913,5.15,3.7,20.6,0.2132,29.5,0
Asteroid_0427,1.0933,33.55,93.65,21.2,0.0873,7.25,0
Asteroid_0428,0.2161,24.17,11.3,23.6,0.1611,20.44,0
Asteroid_0429,0.0623,31.04,65.79,20.9,0.7178,21.48,0
Asteroid_0430,0.0772,18.64,27.71,20.8,0.6098,18.22,0
Asteroid_0431,0.7167,20.47,52.58,24.9,0.4922,2.66,1
Asteroid_0432,0.4815,19.67,124.08,22.6,0.4276,20.31,0
Asteroid_0433,0.0533,25.01,10.21,19.4,0.8302,1.92,0
Asteroid_0434,0.0439,9.19,97.43,22.1,0.0655,17.88,0
Asteroid_0435,0.6036,5.9,14.8,18.9,0.2525,22.19,0
Asteroid_0436,0.0378,14.24,14.61,17.3,0.3149,6.33,0
Asteroid_0437,0.8626,26.14,12.48,21.0,0.7042,25.25,0
Asteroid_0438,0.6125,11.06,23.39,24.3,0.8933,0.91,0
Asteroid_0439,0.0424,25.2,5.02,24.3,0.2166,25.31,0
Asteroid_0440,0.0443,34.1,24.2,18.4,0.7869,13.81,0
Asteroid_0441,2.1577,7.82,23.41,20.3,0.7476,6.53,0
Asteroid_0442,0.2344,25.18,43.05,17.1,0.2022,4.01,0
Asteroid_0443,0.2315,18.31,53.81,25.0,0.3594,28.6,0
Asteroid_0444,0.8378,31.04,17.42,24.8,0.3687,2.18,0
Asteroid_0445,1.4711,10.31,10.8,21.5,0.8804,5.97,0
Asteroid_0446,2.1344,25.78,9.01,23.0,0.1628,10.43,1
Asteroid_0447,0.6999,30.14,6.49,22.2,0.7192,18.61,1
Asteroid_0448,0.236,33.34,1.78,20.9,0.3008,16.34,1
Asteroid_0449,0.0436,25.5,12.58,15.5,0.6578,3.77,0
Asteroid_0450,0.7506,19.92,9.45,19.5,0.378,8.69,1
Asteroid_0451,0.4087,23.54,101.81,21.7,0.5205,7.16,1
Asteroid_0452,0.276,31.07,24.47,21.8,0.7494,6.41,0
Asteroid_0453,1.1841,22.12,12.8,18.7,0.7237,12.33,0
Asteroid_0454,0.0589,5.91,26.06,24.4,0.7798,21.12,0
Asteroid_0455,0.3393,32.93,4.5,16.7,0.0537,6.52,1
Asteroid_0456,0.0057,25.69,17.61,20.0,0.6228,11.0,0
Asteroid_0457,0.3162,25.3,29.52,21.9,0.126,11.73,1
Asteroid_0458,0.029,11.47,20.14,22.0,0.3742,29.29,0
Asteroid_0459,0.0632,24.77,15.41,21.5,0.4937,28.64,0
Asteroid_0460,0.0625,16.82,152.73,17.8,0.3625,24.0,0
Asteroid_0461,0.5238,24.54,63.69,16.6,0.4677,7.25,1
Asteroid_0462,0.6853,8.2,29.3,21.4,0.8969,2.04,0
Asteroid_0463,0.4378,24.74,25.28,21.0,0.1217,9.51,0
Asteroid_0464,1.6374,34.98,29.08,16.8,0.6079,8.0,1
Asteroid_0465,0.2349,6.45,6.74,22.1,0.3564,15.18,0
Asteroid_0466,0.1682,34.32,15.08,19.6,0.1197,23.33,0
Asteroid_0467,1.0148,17.21,1.21,21.7,0.1429,25.75,1
Asteroid_0468,0.1265,31.12,19.36,23.4,0.8543,25.35,0
Asteroid_0469,1.6514,28.47,23.49,16.7,0.7916,10.79,1
Asteroid_0470,0.0061,22.01,7.75,15.2,0.8163,20.62,1
Asteroid_0471,1.7513,27.15,99.75,22.8,0.8924,9.39,1
Asteroid_0472,0.0221,31.36,72.06,21.1,0.1875,1.83,0
Asteroid_0473,1.1089,17.12,38.42,22.0,0.3199,21.05,0
Asteroid_0474,0.3751,14.81,22.87,23.4,0.6023,0.29,0
Asteroid_0475,2.4784,25.03,61.2,23.0,0.4354,12.28,0
Asteroid_0476,0.0383,29.24,4.2,24.6,0.3766,9.88,0
Asteroid_0477,0.4036,27.87,46.89,20.4,0.322,20.8,1
Asteroid_0478,1.7418,28.93,4.0,19.9,0.5344,22.99,1
Asteroid_0479,0.3702,18.07,47.43,19.0,0.518,9.12,0
Asteroid_0480,0.4963,29.54,9.68,16.5,0.1453,24.35,1
Asteroid_0481,0.595,8.61,62.89,20.7,0.4246,8.82,0
Asteroid_0482,0.3031,21.33,86.49,17.8,0.4981,13.39,1
Asteroid_0483,0.4938,5.17,4.83,24.2,0.5133,21.81,1
Asteroid_0484,0.4389,14.74,18.63,20.8,0.1891,20.79,0
Asteroid_0485,1.1571,15.99,118.88,20.9,0.668,29.62,0
Asteroid_0486,0.0233,16.89,19.82,18.5,0.0227,6.75,0
Asteroid_0487,0.1649,25.86,59.75,15.5,0.3193,19.87,0
Asteroid_0488,1.502,16.66,26.66,15.3,0.7022,18.29,1
Asteroid_0489,1.1048,18.46,14.12,19.2,0.5075,27.45,0
Asteroid_0490,0.3041,12.13,10.1,15.8,0.235,4.69,0
Asteroid_0491,0.484,16.2,6.82,21.1,0.6255,22.55,1
Asteroid_0492,0.1624,11.82,43.04,23.8,0.5107,17.05,0
Asteroid_0493,0.1042,7.2,14.66,23.8,0.7166,8.24,0
Asteroid_0494,0.3115,23.1,21.48,21.6,0.6615,14.23,0
Asteroid_0495,0.218,25.05,20.34,17.1,0.5491,10.01,0
Asteroid_0496,0.4381,23.58,25.83,23.6,0.4394,17.38,1
Asteroid_0497,0.0405,18.9,60.2,23.9,0.1199,26.67,0
Asteroid_0498,1.8325,16.39,118.49,17.0,0.2352,17.08,1
Asteroid_0499,2.1419,30.9,15.71,22.4,0.3772,18.95,1
Asteroid_0500,0.5989,20.57,52.72,17.9,0.5394,15.56,1
Asteroid_0501,0.384,19.38,43.38,23.0,0.4623,1.53,0
Asteroid_0502,0.1852,5.77,25.57,25.0,0.2594,6.99,0
Asteroid_0503,0.8405,15.24,93.74,15.3,0.0058,14.76,1
Asteroid_0504,0.5772,16.41,6.71,24.0,0.4466,9.31,1
Asteroid_0505,0.0887,16.96,3.47,21.2,0.2571,5.45,0
Asteroid_0506,1.2092,22.41,57.72,24.7,0.6611,15.12,1
Asteroid_0507,0.8645,21.01,17.35,19.7,0.0216,9.68,1
Asteroid_0508,1.4959,23.24,56.31,23.5,0.5263,7.74,0
Asteroid_0509,0.6468,27.95,67.07,15.6,0.8473,13.92,1
Asteroid_0510,0.4752,29.39,1.93,18.4,0.157,4.0,1
Asteroid_0511,0.2709,26.54,64.49,15.7,0.4245,27.83,0
Asteroid_0512,1.3495,33.67,17.84,24.8,0.0823,26.03,1
Asteroid_0513,1.0052,5.55,21.43,23.2,0.5631,21.23,0
Asteroid_0514,0.0231,10.87,29.55,23.5,0.4955,3.19,0
Asteroid_0515,0.0134,5.23,78.27,24.4,0.3666,23.28,0
Asteroid_0516,0.2362,24.42,0.58,15.9,0.4692,24.24,1
Asteroid_0517,0.8318,31.94,19.44,18.9,0.8069,23.03,1
Asteroid_0518,2.1821,12.3,34.92,15.7,0.1767,3.42,0
Asteroid_0519,0.0815,32.81,38.48,17.1,0.0203,19.32,0
Asteroid_0520,0.4509,6.81,35.38,17.3,0.7755,25.03,0
Asteroid_0521,0.2397,33.03,4.33,19.7,0.5194,17.32,0
Asteroid_0522,1.7519,15.55,10.67,17.7,0.8016,19.39,0
Asteroid_0523,0.923,8.04,13.33,16.0,0.5373,13.75,0
Asteroid_0524,0.9111,19.58,48.96,16.7,0.7291,15.86,0
Asteroid_0525,0.3162,12.7,9.8,16.5,0.3867,1.03,1
Asteroid_0526,0.2679,13.55,7.1,24.7,0.6749,19.17,0
Asteroid_0527,0.1597,14.22,94.71,22.6,0.8217,2.44,0
Asteroid_0528,0.029,29.09,0.27,24.7,0.5149,13.05,1
Asteroid_0529,1.0002,21.17,183.86,19.4,0.1627,8.78,0
Asteroid_0530,0.8381,14.34,33.89,17.8,0.2419,16.36,0
Asteroid_0531,4.0862,23.31,52.89,23.0,0.1788,4.0,1
Asteroid_0532,2.8474,26.48,10.47,18.3,0.2222,20.75,1
Asteroid_0533,0.4053,13.18,0.43,18.0,0.2758,23.85,1
Asteroid_0534,0.7326,17.41,40.17,17.3,0.4996,4.9,1
Asteroid_0535,1.4481,8.66,53.9,16.3,0.5292,3.13,0
Asteroid_0536,0.9474,10.43,40.47,17.6,0.3838,4.37,0
Asteroid_0537,0.1421,25.43,4.62,18.6,0.5539,26.31,1
Asteroid_0538,0.2994,10.44,42.0,21.7,0.0734,15.85,0
Asteroid_0539,0.0691,20.75,43.95,15.6,0.079,14.02,1
Asteroid_0540,1.5401,26.27,32.24,17.1,0.1546,3.2,1
Asteroid_0541,0.4659,8.21,43.59,23.1,0.4663,19.49,0
Asteroid_0542,0.1298,22.02,56.11,16.5,0.1926,26.04,0
Asteroid_0543,0.5569,12.7,28.53,18.4,0.255,24.85,0
Asteroid_0544,0.4813,33.89,2.78,23.6,0.3603,18.78,1
Asteroid_0545,0.2217,19.51,20.06,16.5,0.7307,2.26,0
Asteroid_0546,0.0603,29.18,2.42,15.8,0.0125,3.37,1
Asteroid_0547,0.5567,21.51,15.7,19.8,0.5844,1.48,1
Asteroid_0548,0.3673,6.3,15.68,18.0,0.602,7.72,0
Asteroid_0549,0.7399,23.99,2.05,20.6,0.7188,4.07,1
Asteroid_0550,0.3672,33.54,12.87,23.0,0.8395,7.8,1
Asteroid_0551,0.9559,23.05,3.53,16.4,0.0181,11.55,1
Asteroid_0552,0.4014,29.58,49.54,20.8,0.1384,28.29,1
Asteroid_0553,0.4116,31.53,88.52,20.1,0.7976,18.31,1
Asteroid_0554,1.0464,11.84,2.25,16.4,0.4127,25.05,1
Asteroid_0555,0.2583,11.36,93.11,21.2,0.5081,21.31,0
Asteroid_0556,0.0719,23.33,22.18,17.7,0.5967,3.38,0
Asteroid_0557,0.0146,17.33,10.68,19.9,0.6112,22.08,0
Asteroid_0558,0.7035,30.2,2.4,15.8,0.8386,8.25,1
Asteroid_0559,0.4842,32.0,20.83,19.6,0.8973,19.17,1
Asteroid_0560,0.6088,15.6,47.47,18.1,0.6481,10.23,0
Asteroid_0561,0.1197,12.11,36.84,23.2,0.2585,29.93,0
Asteroid_0562,0.0733,28.42,1.55,15.6,0.7918,7.91,1
Asteroid_0563,0.0073,13.24,2.27,19.2,0.0443,8.37,0
Asteroid_0564,0.2158,29.68,15.47,19.6,0.208,27.92,0
Asteroid_0565,0.4457,17.71,10.5,22.3,0.8076,0.74,0
Asteroid_0566,0.249,25.03,7.93,20.7,0.2306,20.9,1
Asteroid_0567,0.2877,7.87,9.9,21.7,0.1986,21.76,0
Asteroid_0568,1.1725,23.72,48.81,22.8,0.1243,25.09,0
Asteroid_0569,0.2141,18.55,79.45,23.6,0.7732,29.23,0
Asteroid_0570,0.3608,22.6,15.58,18.1,0.4501,29.27,1
Asteroid_0571,0.7654,10.04,70.97,20.4,0.6074,1.96,0
Asteroid_0572,0.2525,27.11,11.64,23.4,0.2152,24.66,0
Asteroid_0573,0.4865,30.88,19.41,24.9,0.6822,19.39,1
Asteroid_0574,0.9916,11.5,7.69,23.9,0.684,19.42,1
Asteroid_0575,1.4931,7.87,30.69,18.7,0.2813,3.85,0
Asteroid_0576,0.0795,5.71,115.87,17.0,0.3696,19.51,0
Asteroid_0577,1.3058,24.26,27.75,19.9,0.1887,29.47,0
Asteroid_0578,0.3388,23.21,13.29,22.4,0.8789,27.35,0
Asteroid_0579,0.1494,21.4,31.31,19.9,0.581,13.17,0
Asteroid_0580,0.3073,11.96,3.93,19.8,0.8411,1.2,1
Asteroid_0581,1.9568,16.73,65.85,23.4,0.273,10.87,0
Asteroid_0582,0.3392,22.83,20.98,18.6,0.7037,24.79,0
Asteroid_0583,0.1993,19.9,17.9,23.6,0.6893,21.04,0
Asteroid_0584,0.5017,34.63,26.45,19.1,0.6225,13.78,0
Asteroid_0585,0.1373,9.09,29.41,18.3,0.8691,1.65,0
Asteroid_0586,0.0394,25.85,2.23,19.5,0.3542,12.81,1
Asteroid_0587,0.069,17.13,34.43,22.6,0.1176,14.07,0
Asteroid_0588,0.0685,17.85,8.31,16.3,0.6045,27.86,1
Asteroid_0589,0.0824,26.53,37.55,17.0,0.6564,19.23,0
Asteroid_0590,0.0747,25.77,51.87,24.5,0.5176,9.35,0
Asteroid_0591,0.512,34.74,48.88,16.8,0.1861,15.76,1
Asteroid_0592,0.1004,8.85,24.12,20.7,0.454,1.98,0
Asteroid_0593,0.2121,8.12,22.03,20.8,0.281,29.18,0
Asteroid_0594,1.1355,26.73,4.63,19.9,0.3847,10.8,1
Asteroid_0595,0.3212,22.35,44.8,21.4,0.5807,14.34,1
Asteroid_0596,0.5506,13.22,9.5,17.3,0.6707,10.66,1
Asteroid_0597,0.0946,7.38,20.6,20.5,0.209,20.48,0
Asteroid_0598,0.1068,7.57,10.03,18.7,0.3648,19.87,0
Asteroid_0599,0.0209,31.83,4.31,21.6,0.2422,21.46,1
Asteroid_0600,0.0925,10.76,29.79,16.4,0.1788,8.04,0
Asteroid_0601,0.1633,14.7,1.68,20.7,0.705,9.47,0
Asteroid_0602,0.0974,11.8,41.43,16.9,0.8183,3.76,0
Asteroid_0603,0.0464,15.65,11.46,17.8,0.3332,19.67,0
Asteroid_0604,0.0643,7.08,0.0,17.2,0.6762,1.19,0
Asteroid_0605,0.3088,20.57,21.47,16.8,0.8073,17.93,1
Asteroid_0606,0.1155,7.03,1.44,23.3,0.7615,26.09,0
Asteroid_0607,0.2265,29.01,9.7,17.9,0.1645,26.72,1
Asteroid_0608,0.35,12.01,36.83,24.3,0.8607,13.47,0
Asteroid_0609,0.5862,21.2,1.94,24.7,0.339,13.78,1
Asteroid_0610,0.0201,31.4,54.85,20.7,0.3053,2.31,0
Asteroid_0611,0.8032,24.53,0.11,16.4,0.0562,20.12,1
Asteroid_0612,0.4943,20.99,8.5,18.7,0.4376,24.64,1
Asteroid_0613,0.0426,14.73,40.52,23.0,0.0981,7.34,0
Asteroid_0614,1.0341,14.99,11.41,18.7,0.2237,12.64,0
Asteroid_0615,1.2683,25.08,3.22,15.9,0.2852,25.17,1
Asteroid_0616,0.0315,34.82,13.4,20.6,0.7279,26.31,0
Asteroid_0617,0.1621,24.86,9.46,23.5,0.7879,7.3,1
Asteroid_0618,0.8205,21.73,55.49,23.0,0.2722,16.52,1
Asteroid_0619,0.6897,26.92,11.28,16.8,0.7728,5.77,1
Asteroid_0620,0.102,18.96,46.67,21.7,0.7715,3.06,0
Asteroid_0621,0.1174,6.8,66.73,17.2,0.6882,27.33,0
Asteroid_0622,0.2314,21.87,17.07,17.2,0.132,24.62,0
Asteroid_0623,0.3313,33.73,72.22,23.7,0.6213,22.8,1
Asteroid_0624,0.4815,10.26,14.21,17.5,0.8505,1.46,0
Asteroid_0625,0.2302,25.7,99.79,17.6,0.6143,25.31,0
Asteroid_0626,0.3104,11.03,2.81,15.0,0.2985,13.14,1
Asteroid_0627,0.6881,21.07,34.85,23.7,0.4505,10.27,0
Asteroid_0628,0.0187,7.9,20.43,22.9,0.5812,16.39,0
Asteroid_0629,0.1455,18.51,14.71,21.3,0.4595,2.74,0
Asteroid_0630,0.6247,27.68,30.05,22.5,0.108,22.7,1
Asteroid_0631,1.1279,15.43,36.51,16.5,0.2809,17.47,0
Asteroid_0632,0.3584,24.95,0.13,19.6,0.7222,5.6,1
Asteroid_0633,0.3798,28.86,5.48,18.5,0.7753,5.65,1
Asteroid_0634,0.0567,32.82,37.45,15.9,0.1236,5.53,0
Asteroid_0635,0.2966,12.04,32.93,19.9,0.8571,1.71,0
Asteroid_0636,0.3803,16.98,101.48,24.2,0.2959,17.63,0
Asteroid_0637,0.1388,9.57,42.94,15.4,0.5961,25.21,0
Asteroid_0638,0.1568,34.77,90.34,17.9,0.6766,0.52,0
Asteroid_0639,0.2368,32.81,36.37,17.1,0.7308,1.47,0
Asteroid_0640,0.0101,21.2,10.62,17.4,0.8512,17.18,0
Asteroid_0641,0.1944,30.26,3.34,24.1,0.2816,24.58,1
Asteroid_0642,0.1188,20.63,45.67,19.7,0.7727,9.8,0
Asteroid_0643,0.1984,23.71,31.0,19.7,0.1185,10.49,0
Asteroid_0644,0.0638,7.67,1.48,22.6,0.6345,17.89,1
Asteroid_0645,1.106,27.66,13.39,16.5,0.6678,8.23,0
Asteroid_0646,0.4502,8.83,94.26,19.9,0.61,0.8,0
Asteroid_0647,0.5683,29.78,20.82,19.3,0.2271,22.06,0
Asteroid_0648,0.7784,28.46,17.01,21.0,0.7857,18.77,0
Asteroid_0649,0.345,26.26,18.36,25.0,0.152,17.42,0
Asteroid_0650,0.0455,6.08,7.03,22.7,0.0483,22.25,0
Asteroid_0651,0.3851,14.09,13.8,19.0,0.6457,20.26,0
Asteroid_0652,0.442,12.89,13.85,23.3,0.4279,6.18,0
Asteroid_0653,0.6841,15.8,1.61,16.7,0.7642,10.57,1
Asteroid_0654,0.2825,7.63,43.77,15.3,0.3451,3.78,0
Asteroid_0655,0.0682,33.11,16.16,17.0,0.1515,3.9,0
Asteroid_0656,0.1669,21.61,51.81,18.4,0.7528,20.29,0
Asteroid_0657,0.2256,14.17,56.98,20.1,0.494,25.76,0
Asteroid_0658,0.5191,16.91,7.15,21.2,0.1703,28.88,1
Asteroid_0659,0.4229,18.42,32.13,24.1,0.6483,18.85,0
Asteroid_0660,0.2201,23.02,19.18,20.1,0.46,5.52,0
Asteroid_0661,2.1531,20.47,63.65,20.0,0.5439,3.17,1
Asteroid_0662,0.4654,32.58,7.29,15.5,0.4148,24.39,1
Asteroid_0663,0.1354,19.91,33.98,15.3,0.7458,17.36,0
Asteroid_0664,0.0537,34.76,28.08,20.5,0.7466,18.55,0
Asteroid_0665,0.0829,30.54,10.5,19.4,0.6384,23.44,0
Asteroid_0666,0.1412,11.26,4.41,23.4,0.0949,21.1,0
Asteroid_0667,0.0876,32.92,31.64,16.6,0.755,25.03,0
Asteroid_0668,0.1032,8.49,40.25,15.2,0.6039,1.69,0
Asteroid_0669,0.1678,29.52,11.38,19.5,0.6273,22.43,0
Asteroid_0670,0.0952,16.42,31.05,17.4,0.3267,25.53,0
Asteroid_0671,1.1354,31.34,15.08,15.5,0.7914,8.58,1
Asteroid_0672,0.0418,31.04,37.47,22.2,0.6528,19.21,0
Asteroid_0673,0.3717,29.18,6.66,16.1,0.1013,9.42,1
Asteroid_0674,0.2642,28.7,66.28,21.1,0.367,28.74,0
Asteroid_0675,2.0193,14.14,10.17,17.8,0.7977,1.0,1
Asteroid_0676,0.0594,7.43,13.76,16.7,0.0425,17.39,0
Asteroid_0677,0.2536,17.09,1.8,18.8,0.8653,5.0,0
Asteroid_0678,1.7445,10.21,3.55,23.0,0.6112,21.37,1
Asteroid_0679,1.0031,25.85,21.76,18.9,0.5682,5.28,0
Asteroid_0680,0.8493,15.38,9.34,22.5,0.2435,7.06,1
Asteroid_0681,0.1491,34.27,54.14,16.3,0.2239,14.83,0
Asteroid_0682,0.0937,24.23,0.44,22.7,0.8479,27.45,1
Asteroid_0683,0.5523,29.67,14.3,17.4,0.2684,6.35,1
Asteroid_0684,1.3252,8.98,12.35,21.8,0.698,4.33,0
Asteroid_0685,0.4068,30.86,0.59,20.7,0.3538,22.77,1
Asteroid_0686,0.4239,32.68,3.98,24.3,0.1253,15.02,1
Asteroid_0687,0.1642,19.61,16.01,18.9,0.0096,27.35,0
Asteroid_0688,0.7337,23.19,20.37,15.7,0.4898,4.4,1
Asteroid_0689,0.1035,27.94,15.54,15.2,0.8782,19.38,0
Asteroid_0690,0.1955,10.25,22.71,23.3,0.3322,6.99,0
Asteroid_0691,0.2771,20.08,27.13,20.2,0.3215,4.7,0
Asteroid_0692,0.3542,16.96,0.3,22.8,0.3097,20.5,1
Asteroid_0693,0.1388,9.39,18.71,17.3,0.4685,17.81,0
Asteroid_0694,0.061,16.03,99.31,18.5,0.3966,22.64,0
Asteroid_0695,0.4716,7.05,21.96,15.3,0.7919,9.28,0
Asteroid_0696,0.1703,5.77,33.95,24.6,0.455,13.44,0
Asteroid_0697,0.4352,9.05,11.21,21.7,0.457,12.16,0
Asteroid_0698,0.0838,33.89,44.62,24.3,0.1245,29.52,0
Asteroid_0699,0.3281,21.49,44.47,17.7,0.8845,8.77,1
Asteroid_0700,0.3803,33.97,22.1,21.1,0.225,8.84,1
Asteroid_0701,0.0266,17.97,111.91,21.8,0.066,10.64,0
Asteroid_0702,0.2052,14.35,4.02,18.2,0.5968,16.94,0
Asteroid_0703,0.0722,20.18,0.51,23.5,0.5358,7.57,1
Asteroid_0704,0.0327,18.19,44.11,24.5,0.3736,27.46,0
Asteroid_0705,2.3006,8.17,49.38,23.8,0.38,7.97,0
Asteroid_0706,0.1946,24.22,3.84,22.4,0.7066,26.87,1
Asteroid_0707,0.83,11.48,9.26,17.8,0.1761,3.1,1
Asteroid_0708,0.1469,23.59,0.53,17.8,0.7382,19.7,1
Asteroid_0709,0.5721,24.51,10.41,24.6,0.5839,27.21,0
Asteroid_0710,0.714,9.56,44.5,15.1,0.3771,5.06,0
Asteroid_0711,0.4527,6.84,21.89,22.2,0.4122,29.05,0
Asteroid_0712,0.3189,28.42,12.84,22.1,0.231,13.59,1
Asteroid_0713,0.2654,18.79,13.94,21.2,0.6769,28.37,0
Asteroid_0714,0.2145,6.74,0.04,24.9,0.4616,20.3,0
Asteroid_0715,1.3263,34.85,10.69,18.1,0.2888,9.05,1
Asteroid_0716,0.8878,6.73,31.19,18.4,0.5364,5.65,0
Asteroid_0717,1.6766,25.85,109.71,15.8,0.8962,9.11,1
Asteroid_0718,0.0664,34.51,56.33,19.4,0.3917,2.79,0
Asteroid_0719,0.6563,12.18,0.72,17.6,0.8286,4.32,1
Asteroid_0720,1.3931,9.27,68.65,18.4,0.3105,3.14,0
Asteroid_0721,0.1,8.64,45.86,23.3,0.0493,12.69,0
Asteroid_0722,0.0344,14.1,45.48,24.4,0.1838,23.87,0
Asteroid_0723,0.6757,8.03,18.37,16.9,0.3768,4.24,1
Asteroid_0724,0.4272,25.76,15.23,18.7,0.1977,3.91,0
Asteroid_0725,0.922,6.87,10.83,24.3,0.0002,19.3,0
Asteroid_0726,0.0753,20.28,2.04,15.6,0.8235,5.92,1
Asteroid_0727,0.793,34.9,7.77,15.9,0.7595,2.93,1
Asteroid_0728,0.1126,29.42,8.49,16.6,0.6681,5.01,1
Asteroid_0729,0.0894,23.46,19.85,21.0,0.151,27.71,0
Asteroid_0730,0.0897,14.19,41.28,16.5,0.1083,24.64,0
Asteroid_0731,0.8426,23.72,19.26,24.7,0.0608,10.62,0
Asteroid_0732,0.5471,20.81,1.79,19.5,0.6516,19.67,1
Asteroid_0733,0.3702,17.78,94.95,20.0,0.8359,16.12,0
Asteroid_0734,0.2222,8.92,85.8,17.5,0.3875,20.31,0
Asteroid_0735,1.0486,31.6,46.14,19.7,0.1072,20.48,1
Asteroid_0736,0.2492,18.49,142.43,21.6,0.4612,18.86,0
Asteroid_0737,0.848,10.84,23.59,22.5,0.3139,7.98,0
Asteroid_0738,0.2891,16.03,98.72,22.5,0.3373,1.17,0
Asteroid_0739,0.2366,17.42,2.36,20.8,0.5592,13.67,0
Asteroid_0740,0.3106,29.83,13.66,24.0,0.6468,26.73,0
Asteroid_0741,0.1793,27.01,7.66,23.2,0.0995,17.08,1
Asteroid_0742,0.6884,28.08,6.54,22.6,0.032,24.97,1
Asteroid_0743,0.3493,5.33,4.55,15.6,0.8949,29.75,1
Asteroid_0744,0.1321,17.48,29.22,15.1,0.2095,4.91,0
Asteroid_0745,1.1492,19.44,45.6,17.1,0.0484,20.75,0
Asteroid_0746,0.2422,5.58,25.9,21.6,0.1709,20.23,0
Asteroid_0747,0.3921,12.79,4.77,19.1,0.0351,29.4,1
Asteroid_0748,1.1847,27.81,50.0,19.0,0.3526,29.57,1
Asteroid_0749,0.4894,9.11,30.31,23.8,0.7222,20.6,0
Asteroid_0750,0.0622,21.06,14.74,24.0,0.3071,7.31,0
Asteroid_0751,1.4053,11.46,33.64,24.1,0.3998,23.96,0
Asteroid_0752,0.494,5.36,9.03,18.1,0.608,3.21,0
Asteroid_0753,0.2039,12.24,12.7,21.9,0.458,23.42,0
Asteroid_0754,0.075,34.28,74.84,17.7,0.7753,27.31,0
Asteroid_0755,0.79,29.05,10.3,16.9,0.7794,11.49,1
Asteroid_0756,0.4839,33.79,19.05,16.8,0.0089,18.92,1
Asteroid_0757,0.3812,19.64,66.26,18.4,0.7002,12.9,0
Asteroid_0758,1.1217,8.29,36.9,19.3,0.4147,13.13,0
Asteroid_0759,0.777,21.44,1.93,23.3,0.89,9.31,1
Asteroid_0760,0.0822,18.63,4.78,16.2,0.4349,22.86,0
Asteroid_0761,0.1868,30.33,0.24,22.3,0.8882,28.09,1
Asteroid_0762,0.1428,7.94,29.9,20.3,0.6791,28.22,0
Asteroid_0763,0.6812,19.65,17.81,17.9,0.2237,5.24,0
Asteroid_0764,0.0171,9.5,4.33,19.9,0.4846,26.24,0
Asteroid_0765,0.4219,14.74,95.06,18.0,0.8929,22.12,0
Asteroid_0766,0.7187,27.12,22.63,21.0,0.7718,7.59,0
Asteroid_0767,1.0468,19.28,8.31,19.3,0.0876,2.02,1
Asteroid_0768,0.2093,16.28,20.83,16.6,0.6357,8.04,0
Asteroid_0769,0.8609,16.83,34.15,16.2,0.311,27.37,0
Asteroid_0770,0.0586,18.78,2.38,20.5,0.0063,19.0,0
Asteroid_0771,0.9369,28.55,9.64,24.0,0.3631,21.63,1
Asteroid_0772,0.0682,31.76,49.35,18.4,0.2113,7.71,0
Asteroid_0773,0.2532,33.66,18.47,22.3,0.737,21.58,0
Asteroid_0774,0.798,28.61,23.73,21.6,0.3036,0.84,0
Asteroid_0775,0.0812,14.46,17.01,24.3,0.7448,11.26,0
Asteroid_0776,0.1302,25.64,1.35,23.2,0.0005,18.8,1
Asteroid_0777,0.6405,18.13,5.44,20.7,0.277,4.38,1
Asteroid_0778,0.6365,12.64,17.69,21.6,0.217,24.69,0
Asteroid_0779,0.5124,30.23,7.04,24.0,0.2102,7.05,1
Asteroid_0780,0.592,6.15,1.54,19.0,0.0614,19.57,1
Asteroid_0781,0.3912,32.05,55.67,18.3,0.1684,12.16,1
Asteroid_0782,0.145,18.84,119.21,15.1,0.5,17.88,0
Asteroid_0783,0.2121,24.12,47.27,23.3,0.2622,3.22,0
Asteroid_0784,0.1002,24.78,57.68,23.0,0.3757,0.51,0
Asteroid_0785,1.1954,31.85,8.31,16.0,0.3392,27.29,1
Asteroid_0786,0.4378,24.1,97.04,20.8,0.7883,8.09,0
Asteroid_0787,0.2561,23.42,6.58,19.6,0.8148,24.59,0
Asteroid_0788,0.31,7.0,90.74,16.2,0.4437,29.98,0
Asteroid_0789,1.4714,20.55,157.88,24.8,0.2971,6.34,0
Asteroid_0790,0.0832,9.51,37.31,17.1,0.0961,7.96,0
Asteroid_0791,0.4412,27.12,119.13,15.7,0.8581,19.89,1
Asteroid_0792,0.3525,20.37,25.29,20.9,0.0542,28.96,0
Asteroid_0793,0.4727,25.41,9.01,22.4,0.2679,27.47,1
Asteroid_0794,0.0091,6.25,17.23,15.3,0.2683,15.09,0
Asteroid_0795,1.0283,7.54,27.01,21.6,0.2884,23.85,0
Asteroid_0796,1.345,26.49,2.28,20.3,0.1479,4.07,1
Asteroid_0797,0.4164,7.16,29.21,16.0,0.7048,29.32,0
Asteroid_0798,0.5964,7.14,119.18,16.7,0.1102,28.93,1
Asteroid_0799,1.2787,5.36,6.33,20.7,0.5714,4.91,1
Asteroid_0800,0.6142,33.7,47.19,18.0,0.1115,8.98,1
Asteroid_0801,0.0828,27.13,71.55,24.4,0.0635,3.0,0
Asteroid_0802,0.4294,15.6,86.31,23.2,0.8185,8.15,0
Asteroid_0803,0.4666,13.9,96.67,24.8,0.1711,24.48,0
Asteroid_0804,0.2759,15.49,22.11,17.6,0.7391,11.35,0
Asteroid_0805,0.6667,28.24,113.57,24.7,0.4902,2.65,0
Asteroid_0806,1.3618,24.84,42.48,19.3,0.0701,10.27,0
Asteroid_0807,1.2989,10.56,5.29,18.5,0.8599,29.44,1
Asteroid_0808,0.2997,10.22,19.44,15.5,0.2223,18.89,0
Asteroid_0809,0.0601,7.95,38.01,15.5,0.7737,12.48,0
Asteroid_0810,2.0946,24.81,8.52,21.9,0.1519,5.0,1
Asteroid_0811,0.9129,27.93,30.7,19.6,0.7685,29.59,0
Asteroid_0812,0.0666,12.95,32.95,17.3,0.0119,24.63,0
Asteroid_0813,1.2682,5.63,5.33,21.1,0.4606,8.44,1
Asteroid_0814,1.0197,7.47,24.98,17.5,0.6925,2.1,1
Asteroid_0815,0.3658,34.04,44.3,20.8,0.8413,1.7,1
Asteroid_0816,0.4474,13.86,20.73,18.6,0.8183,3.61,0
Asteroid_0817,0.2546,28.08,0.37,23.2,0.7377,17.42,1
Asteroid_0818,0.0282,23.74,0.27,23.2,0.7994,27.86,1
Asteroid_0819,0.2041,16.46,13.25,19.8,0.1793,14.9,0
Asteroid_0820,0.8119,11.17,78.19,18.5,0.2558,25.29,0
Asteroid_0821,0.0023,8.64,7.79,18.6,0.2601,13.38,0
Asteroid_0822,0.2029,23.45,30.18,23.1,0.3393,21.26,0
Asteroid_0823,0.2539,28.24,7.53,18.3,0.354,21.96,0
Asteroid_0824,0.3854,24.32,11.64,17.1,0.4901,5.22,1
Asteroid_0825,1.262,20.91,56.52,15.8,0.1439,10.84,1
Asteroid_0826,0.2126,6.26,39.15,19.7,0.6221,19.12,0
Asteroid_0827,0.2131,34.05,3.01,19.8,0.1508,2.12,1
Asteroid_0828,0.6688,28.96,16.8,23.4,0.2793,10.85,0
Asteroid_0829,0.3009,13.78,0.89,17.2,0.453,16.04,1
Asteroid_0830,0.1272,34.4,19.67,18.8,0.7168,29.89,0
Asteroid_0831,0.3011,23.06,32.58,23.1,0.6655,14.24,1
Asteroid_0832,0.0759,22.47,3.78,23.2,0.581,24.48,1
Asteroid_0833,0.097,27.44,10.23,18.8,0.1402,12.96,0
Asteroid_0834,0.3449,29.35,15.22,19.6,0.4923,23.89,1
Asteroid_0835,0.2714,24.69,75.6,18.0,0.0787,17.86,0
Asteroid_0836,1.2316,8.84,149.97,24.3,0.3396,26.6,0
Asteroid_0837,0.225,15.15,1.38,16.2,0.3722,12.33,0
Asteroid_0838,0.4345,32.84,42.94,24.3,0.0358,18.13,0
Asteroid_0839,0.5002,11.74,13.94,21.8,0.2466,18.9,0
Asteroid_0840,0.0066,16.17,14.95,20.3,0.8601,12.52,0
Asteroid_0841,0.5446,17.96,42.11,15.3,0.8583,4.33,0
Asteroid_0842,0.098,18.18,75.19,19.8,0.3171,2.81,0
Asteroid_0843,1.623,23.39,90.43,19.1,0.0388,0.5,0
Asteroid_0844,0.0805,33.29,25.82,16.6,0.1612,26.21,0
Asteroid_0845,0.2678,12.22,13.25,21.6,0.353,7.09,0
Asteroid_0846,0.0446,8.65,46.47,24.7,0.853,6.35,0
Asteroid_0847,2.884,10.92,8.67,20.6,0.1271,22.08,1
Asteroid_0848,0.3488,31.61,24.91,22.1,0.6872,9.6,1
Asteroid_0849,0.4524,24.37,13.32,15.7,0.0978,15.18,1
Asteroid_0850,0.0347,13.58,32.07,19.2,0.8831,4.88,0
Asteroid_0851,0.6931,29.48,8.25,16.2,0.3435,28.79,1
Asteroid_0852,0.1178,30.84,6.38,21.1,0.6977,25.55,1
Asteroid_0853,1.1417,30.4,75.12,24.4,0.3083,25.91,0
Asteroid_0854,0.1148,32.57,3.22,21.6,0.5649,12.2,1
Asteroid_0855,0.1058,12.57,21.15,15.8,0.1728,22.87,0
Asteroid_0856,0.0186,27.65,7.49,18.5,0.1314,4.32,1
Asteroid_0857,0.3194,18.82,1.19,20.5,0.8443,0.26,1
Asteroid_0858,0.416,30.26,1.1,19.0,0.8259,0.6,1
Asteroid_0859,0.034,26.85,5.78,23.3,0.7987,17.6,1
Asteroid_0860,0.747,28.29,60.47,23.1,0.5629,13.66,0
Asteroid_0861,0.3019,24.68,9.96,21.1,0.7274,15.54,1
Asteroid_0862,0.3716,10.32,90.15,18.7,0.0621,0.22,0
Asteroid_0863,0.2906,21.35,26.14,17.6,0.3013,12.68,0
Asteroid_0864,0.256,34.54,17.21,16.1,0.2823,21.54,0
Asteroid_0865,0.4101,33.12,26.03,18.5,0.5721,13.28,0
Asteroid_0866,0.0844,6.3,21.81,19.1,0.3204,21.97,0
Asteroid_0867,0.1004,9.94,42.66,21.8,0.1337,6.99,0
Asteroid_0868,0.9895,8.95,9.96,21.6,0.5368,24.39,1
Asteroid_0869,1.4605,26.78,13.06,15.7,0.7329,17.65,1
Asteroid_0870,0.2337,29.53,67.36,19.0,0.3439,6.32,0
Asteroid_0871,0.1579,11.41,87.82,16.8,0.119,7.1,0
Asteroid_0872,0.5164,20.18,66.92,16.6,0.177,18.84,1
Asteroid_0873,0.2627,30.22,16.31,23.3,0.2137,24.9,0
Asteroid_0874,0.0129,26.98,45.47,15.4,0.2699,12.47,0
Asteroid_0875,0.0849,21.27,19.41,19.2,0.5785,7.75,0
Asteroid_0876,0.6293,22.71,20.65,16.7,0.5409,26.01,1
Asteroid_0877,0.5378,20.25,6.87,23.8,0.6265,20.08,1
Asteroid_0878,0.0137,13.93,26.83,20.6,0.3263,13.44,0
Asteroid_0879,0.1255,21.95,6.18,17.3,0.7416,14.64,1
Asteroid_0880,0.1314,25.67,12.08,20.0,0.1837,6.13,0
Asteroid_0881,0.5572,31.2,57.94,22.3,0.4221,18.8,1
Asteroid_0882,0.01,24.09,6.96,24.6,0.7208,10.76,1
Asteroid_0883,0.055,27.83,2.21,17.2,0.1621,29.87,1
Asteroid_0884,0.8045,9.8,2.15,23.9,0.0989,14.41,1
Asteroid_0885,0.0983,18.85,84.8,24.3,0.7953,14.58,0
Asteroid_0886,0.5288,5.28,21.21,24.2,0.3086,16.98,0
Asteroid_0887,0.136,12.4,15.8,21.4,0.6155,27.5,0
Asteroid_0888,0.0524,26.79,49.96,21.3,0.0228,24.02,0
Asteroid_0889,0.1393,34.75,54.2,19.0,0.621,13.53,0
Asteroid_0890,0.6405,7.98,12.11,22.5,0.2845,21.56,0
Asteroid_0891,0.9679,17.04,35.49,20.3,0.0502,17.59,0
Asteroid_0892,0.8866,29.0,44.24,21.8,0.5488,14.77,1
Asteroid_0893,0.2531,11.12,31.9,19.3,0.2167,5.77,0
Asteroid_0894,0.5514,21.65,4.93,22.3,0.3481,13.92,1
Asteroid_0895,0.1147,26.99,62.6,23.2,0.0725,7.37,0
Asteroid_0896,0.1735,23.48,23.24,16.5,0.1324,27.45,0
Asteroid_0897,1.1333,10.64,9.96,23.3,0.2682,10.06,1
Asteroid_0898,0.0065,15.66,16.61,20.4,0.0808,28.57,0
Asteroid_0899,0.0447,28.51,1.15,23.4,0.8197,15.99,1
Asteroid_0900,0.1165,21.63,4.1,19.3,0.0054,18.95,1
Asteroid_0901,0.0134,5.16,43.51,18.8,0.4355,16.29,0
Asteroid_0902,0.1001,27.83,0.0,24.2,0.1109,3.88,1
Asteroid_0903,0.4374,6.06,16.16,17.5,0.2769,11.27,0
Asteroid_0904,0.2736,27.37,22.18,23.4,0.8335,2.97,0
Asteroid_0905,1.1159,11.07,1.69,19.8,0.1455,18.69,1
Asteroid_0906,0.8503,33.74,108.44,20.1,0.8692,13.41,0
Asteroid_0907,0.2091,16.04,7.69,18.1,0.1852,23.34,0
Asteroid_0908,0.1502,14.81,10.88,20.7,0.6674,6.61,0
Asteroid_0909,0.2388,9.47,10.87,18.3,0.492,4.94,0
Asteroid_0910,0.4462,14.17,7.86,15.4,0.796,12.19,1
Asteroid_0911,0.156,31.3,0.04,17.7,0.4986,27.8,1
Asteroid_0912,0.4893,34.89,39.21,15.1,0.4811,21.31,1
Asteroid_0913,0.2633,16.05,102.2,24.8,0.1759,12.57,0
Asteroid_0914,0.4015,18.46,7.62,24.7,0.1496,15.52,1
Asteroid_0915,0.2865,26.66,32.63,19.0,0.8248,2.53,0
Asteroid_0916,0.1744,31.59,40.63,22.3,0.2951,29.54,0
Asteroid_0917,1.4826,22.79,56.6,18.5,0.3349,19.99,1
Asteroid_0918,0.7211,16.75,16.48,21.7,0.6838,8.56,0
Asteroid_0919,0.0755,17.38,10.83,23.1,0.3049,17.57,0
Asteroid_0920,1.0143,25.87,11.8,24.5,0.8569,3.28,0
Asteroid_0921,0.3342,5.1,37.41,19.0,0.6641,28.98,0
Asteroid_0922,1.1248,23.59,50.91,22.8,0.5377,5.24,0
Asteroid_0923,0.8044,15.66,6.01,17.7,0.7928,19.44,1
Asteroid_0924,0.2769,28.83,13.91,24.9,0.0446,7.36,0
Asteroid_0925,0.0114,7.79,69.67,15.3,0.2314,21.53,0
Asteroid_0926,0.1565,22.65,49.3,21.0,0.4185,23.3,0
Asteroid_0927,0.39,19.43,125.71,21.6,0.2043,20.2,0
Asteroid_0928,0.5018,24.27,42.1,21.9,0.6695,18.43,0
Asteroid_0929,0.1491,6.95,14.99,16.2,0.8273,26.77,0
Asteroid_0930,0.075,22.4,26.79,24.4,0.3814,2.36,0
Asteroid_0931,0.9007,21.84,32.45,16.8,0.3079,9.93,1
Asteroid_0932,2.0803,21.82,2.45,21.2,0.8654,7.45,1
Asteroid_0933,0.3729,23.1,23.59,17.2,0.4004,29.64,1
Asteroid_0934,0.0942,25.29,37.07,18.1,0.4401,11.68,0
Asteroid_0935,0.1589,29.15,5.49,20.5,0.3165,21.98,1
Asteroid_0936,0.0093,13.09,45.51,19.2,0.8186,20.54,0
Asteroid_0937,1.2284,29.75,26.3,16.6,0.5121,6.36,1
Asteroid_0938,0.0626,19.95,91.24,16.7,0.686,7.17,0
Asteroid_0939,0.4296,7.31,1.3,19.2,0.7306,8.44,1
Asteroid_0940,0.1601,6.76,9.25,22.6,0.3077,12.33,0
Asteroid_0941,0.4039,15.03,27.61,24.0,0.3903,7.03,0
Asteroid_0942,0.5269,28.55,10.55,15.8,0.7636,0.59,1
Asteroid_0943,0.8852,26.23,37.6,18.9,0.3269,26.38,1
Asteroid_0944,0.1156,28.66,42.69,16.0,0.7145,28.97,0
Asteroid_0945,0.0055,20.52,3.24,15.2,0.8469,10.25,1
Asteroid_0946,0.0736,18.21,21.64,21.6,0.5609,10.16,0
Asteroid_0947,1.1514,9.42,21.33,21.0,0.6675,0.21,0
Asteroid_0948,1.0353,14.85,13.83,16.6,0.7246,20.41,0
Asteroid_0949,0.4549,18.02,81.06,17.3,0.7605,24.76,0
Asteroid_0950,0.4588,7.66,52.72,15.2,0.3555,4.4,0
Asteroid_0951,0.5469,11.62,35.84,23.3,0.0461,4.79,0
Asteroid_0952,0.0964,22.95,37.59,24.7,0.3617,23.7,0
Asteroid_0953,1.2291,27.07,18.58,16.4,0.6064,18.49,1
Asteroid_0954,0.2713,34.95,76.15,17.3,0.4053,1.35,0
Asteroid_0955,0.2416,32.99,35.58,23.7,0.6741,18.68,0
Asteroid_0956,0.3659,24.28,39.17,24.3,0.3213,9.27,0
Asteroid_0957,0.0241,17.64,59.35,19.2,0.5713,11.06,0
Asteroid_0958,0.0909,24.09,9.61,15.5,0.1678,23.09,1
Asteroid_0959,0.6698,28.57,49.36,15.4,0.6744,24.33,1
Asteroid_0960,0.0432,8.55,6.52,20.7,0.4911,12.01,0
Asteroid_0961,0.4621,17.3,12.71,18.9,0.1837,28.41,0
Asteroid_0962,0.1408,30.19,12.27,15.3,0.2627,12.19,0
Asteroid_0963,0.2466,16.51,115.23,20.8,0.6737,23.16,0
Asteroid_0964,0.1703,22.16,58.25,15.1,0.4343,14.52,0
Asteroid_0965,0.2198,22.63,36.24,22.9,0.1944,26.93,0
Asteroid_0966,0.6348,10.53,38.95,18.1,0.8705,27.23,0
Asteroid_0967,0.1763,15.87,24.77,15.4,0.6436,2.62,0
Asteroid_0968,0.4178,15.04,88.18,20.9,0.8614,28.09,0
Asteroid_0969,0.3232,5.79,20.57,19.0,0.3844,24.77,0
Asteroid_0970,0.5448,5.73,14.37,24.7,0.4276,23.74,0
Asteroid_0971,1.381,29.95,5.34,20.4,0.8082,6.03,1
Asteroid_0972,0.6595,13.19,46.28,17.8,0.4725,24.15,0
Asteroid_0973,0.121,20.54,39.78,22.1,0.6366,25.5,0
Asteroid_0974,0.0158,13.96,14.55,17.7,0.227,8.67,0
Asteroid_0975,0.1521,33.22,0.77,24.0,0.4021,28.57,1
Asteroid_0976,0.452,12.78,54.79,18.7,0.1111,1.5,0
Asteroid_0977,0.0264,17.89,0.34,20.5,0.1854,4.5,0
Asteroid_0978,0.343,31.18,36.49,15.5,0.0008,16.13,1
Asteroid_0979,0.4542,30.26,105.45,19.3,0.0353,17.27,0
Asteroid_0980,0.2034,10.58,17.27,23.3,0.8796,19.35,0
Asteroid_0981,0.7368,29.08,8.04,23.1,0.2181,0.51,1
Asteroid_0982,0.0564,18.75,36.61,17.2,0.597,28.81,0
Asteroid_0983,0.0391,19.49,50.97,17.3,0.7552,1.34,0
Asteroid_0984,0.6513,9.0,23.72,23.2,0.4956,4.29,0
Asteroid_0985,0.3421,7.42,102.37,24.3,0.1378,0.42,0
Asteroid_0986,0.583,26.84,1.59,16.0,0.6553,17.01,1
Asteroid_0987,0.2853,19.89,21.08,19.5,0.5402,27.97,0
Asteroid_0988,0.1414,18.11,38.02,18.4,0.6581,19.98,0
Asteroid_0989,0.8549,26.89,59.55,23.7,0.6928,24.68,1
Asteroid_0990,0.8033,27.97,5.93,15.8,0.8779,0.4,1
Asteroid_0991,0.5932,9.77,48.28,17.1,0.5162,16.26,0
Asteroid_0992,0.1588,23.31,24.14,22.5,0.3075,13.79,0
Asteroid_0993,0.4461,9.06,15.15,15.5,0.5836,14.97,0
Asteroid_0994,0.2239,27.54,4.24,19.9,0.0616,2.17,0
Asteroid_0995,0.048,24.71,60.14,19.4,0.8077,20.53,0
Asteroid_0996,1.2463,33.7,5.13,18.3,0.1074,15.1,1
Asteroid_0997,0.0736,7.07,11.12,18.9,0.2951,22.95,0
Asteroid_0998,1.5002,6.71,10.28,20.3,0.7342,14.56,0
Asteroid_0999,0.2953,13.47,61.53,16.6,0.5376,4.48,0
